sample_number,Exp,Day,Plate_well.x,Sort_id,Snumber,Depth,VAF.varscan,VAF.mutect,VAF.platypus,mean_VAF,DNMT3A,Plate_well.y,Single_cells,CD45.x,Ery,NK,Mono,Neut,CD66bneg,CD66bpos,CD14_MFI,CD15_MFI,CD66b_MFI,GlyA_MFI,Gran_freq,Mono_freq,GlyA_freq,CD66bpos_freq,CD66bneg_freq,FSC,FSC-W,SSC,CD33,CD34,CD45RA,CD90,CD49f,CD38,CD19,CD7/10,Zom,CD45.y,Time,Sample,Cell_seeded
871,LEUK14,21,1_G1,4_F3,S871,129,0.2414,0.098,NA,0.16970000000000002,DNMT3A Mut,1_G1,6266,1318,1,0,66,975,352,562,11560,66522,27939,19.3,75.7,5.12,0.97,57.6,36.1,152214,85601,28590,-94,389,16,550,441,423,18,-32,32,881,22060,CD34+/CD38- OR GMP,HSC
978,LEUK14,21,2_C3,7_B4,S978,148,0.3239,0.227,NA,0.27545000000000003,DNMT3A Mut,2_C3,162,29,1,0,2,5,0,4,3101,5925,54350,1040,27.8,11.1,62.2,80,0,138446,87895,29537,352,2026,-61,2103,156,475,-4,-84,37,1283,7151,HSC,HSC
946,LEUK14,21,1_B11,1_G2,S946,158,0.4384,0.452,NA,0.44520000000000004,DNMT3A Mut,1_B11,69,62,0,0,10,11,11,0,2940,6987,6015,169,18,16.4,16.7,0,100,170061,92694,27804,15,892,81,443,302,148,-6,-31,31,760,29533,CD34+/CD38- OR GMP,HSC
967,LEUK14,21,2_G1,9_A8,S967,249,0.3036,0.237,NA,0.2703,DNMT3A Mut,2_G1,78,12,0,0,2,4,1,3,6067,26637,50286,171,36.4,18.2,2.86,75,25,169876,94210,39650,128,1432,4,958,264,390,9,-36,43,1023,2900,HSC,HSC
927,LEUK14,21,1_G8,5_A3,S927,275,0.264,0.381,NA,0.3225,DNMT3A Mut,1_G8,23,11,1,0,1,5,1,3,10895,46532,98871,16.7,45.5,9.09,16.7,60,20,188692,95774,31147,138,588,223,18,66,1126,18,-38,58,397,1196,CD34+/CD38- OR GMP,CD34+/CD38- OR GMP
954,LEUK14,21,1_B12,1_G7,S954,331,0.5128,0.6,NA,0.5564,DNMT3A Mut,1_B12,25052,23328,37,0,6305,9825,8432,1037,6067,12698,3761,224,42.2,27.1,13.9,10.6,85.8,153145,86558,20173,33,826,21,74,779,215,7,-37,16,566,31249,CD34+/CD38- OR GMP,HSC
898,LEUK14,21,1_B5,1_E1,S898,383,0.3743,0.465,NA,0.41965,DNMT3A Mut,1_B5,42,28,0,1,9,14,14,0,8373,21260,4371,146,53.8,34.6,0,0,100,168211,88863,37641,-76,1773,44,447,842,343,46,-59,45,941,20265,CD34+/CD38- OR GMP,HSC
963,LEUK14,21,2_C1,7_A12,S963,462,0.3041,0.368,NA,0.33604999999999996,DNMT3A Mut,2_C1,434,424,0,0,48,44,21,19,4435,14891,14584,68.1,18.1,19.8,6.67,43.2,47.7,165261,88073,23044,-10,1219,69,246,207,412,-2,-31,32,868,4598,HSC,HSC
944,LEUK14,21,1_H10,5_H1,S944,496,0.3774,0.409,NA,0.3932,DNMT3A Mut,1_H10,85,61,0,0,8,2,1,1,3195,8467,12993,104,5.71,22.9,4,50,50,153185,89796,20475,11,428,-17,1148,489,269,-19,-2,31,684,30531,CD34+/CD38- OR GMP,HSC
943,LEUK14,21,1_G10,5_B1,S943,1114,0.4799,0.537,NA,0.5084500000000001,DNMT3A Mut,1_G10,419,372,0,0,26,98,28,66,29588,158902,65876,-43.6,28.6,7.58,0,67.3,28.6,170524,90371,28175,126,556,242,37,89,711,6,-49,26,567,8456,CD34+/CD38- OR GMP,CD34+/CD38- OR GMP
968,LEUK14,21,2_H1,9_E3,S968,1281,0.3608,0.388,NA,0.3744,DNMT3A Mut,2_H1,6713,5704,10,0,2532,846,845,0,16652,19622,8135,597,16.6,49.7,40.4,0,99.9,148097,87310,28249,2,837,10,117,231,181,-1,3,25,479,15843,HSC,HSC
1043,LEUK14,21,2_E12,8_E7,S1043,1397,0.4405,0.477,NA,0.45875,DNMT3A Mut,2_E12,53490,52424,36,2,13277,3892,3866,10,2957,3312,3934,192,7.48,25.5,9.93,0.26,99.3,111391,82792,35867,-58,985,9,320,11,298,33,-18,24,719,16809,HSC,HSC
949,LEUK14,21,1_E11,4_A7,S949,1616,0.5314,0.581,NA,0.5562,DNMT3A Mut,1_E11,5765,3295,12,0,1579,153,152,1,8581,8208,3448,277,6.32,65.2,19.9,0.65,99.3,149851,87709,18520,-23,568,55,365,236,335,6,-26,21,601,2162,CD34+/CD38- OR GMP,HSC
942,LEUK14,21,1_F10,4_D8,S942,1660,0.5923,0.64,NA,0.61615,DNMT3A Mut,1_F10,12105,5154,173,0,3300,28,28,0,27150,14151,2064,-165,0.62,73.6,10,0,100,155627,88972,31272,-76,1433,10,457,280,270,-15,-15,39,578,12580,CD34+/CD38- OR GMP,HSC
975,LEUK14,21,2_G2,9_C1,S975,2210,0.1257,0.13,NA,0.12785000000000002,DNMT3A Mut,2_G2,803,240,0,0,2,160,10,142,19392,125156,58606,3.85,75.8,0.95,0.95,88.8,6.25,131997,87578,18703,-116,1296,-24,402,436,259,18,0,14,559,8951,HSC,HSC
891,LEUK14,21,1_C4,1_H8,S891,2414,0.6999,0.772,NA,0.73595,DNMT3A Mut,1_C4,105,96,0,0,7,73,7,62,22289,149413,52788,71.9,84.9,8.14,0,84.9,9.59,162490,95734,42566,55,1599,153,151,291,426,27,-88,40,547,34271,CD34+/CD38- OR GMP,CD34+/CD38- OR GMP
921,LEUK14,21,1_A8,1_B10,S921,2814,0.6832,0.754,NA,0.7186,DNMT3A Mut,1_A8,133,107,0,0,6,5,0,5,2144,4893,49921,166,4.85,5.83,5.08,100,0,168839,91350,26873,123,989,204,-28,34,497,12,-19,56,640,6308,CD34+/CD38- OR GMP,CD34+/CD38- OR GMP
1022,LEUK14,21,2_E9,8_D12,S1022,2951,0.5222,0.552,NA,0.5371,DNMT3A Mut,2_E9,49227,48354,36,2,9653,26767,21765,3892,5900,22289,5451,188,55.6,20,7.59,14.5,81.3,155392,92111,36044,21,676,3,1425,471,337,47,-34,34,1031,11606,HSC,HSC
886,LEUK14,21,1_F3,4_C5,S886,3483,0.4621,0.501,NA,0.48155000000000003,DNMT3A Mut,1_F3,1506,1335,0,0,719,212,171,33,15930,21512,9218,28.2,17,57.7,2.42,15.6,80.7,139158,86771,21786,-47,1082,32,342,141,132,14,5,23,517,8754,CD34+/CD38- OR GMP,HSC
947,LEUK14,21,1_C11,2_C9,S947,3692,0.2122,0.217,NA,0.2146,DNMT3A Mut,1_C11,164,24,0,0,4,13,1,12,20327,110959,44872,42.4,59.1,18.2,3.33,92.3,7.69,106439,85286,16423,70,1223,230,141,80,900,16,-26,23,498,13322,CD34+/CD38- OR GMP,CD34+/CD38- OR GMP
1030,LEUK14,21,2_F10,8_H3,S1030,4185,0.3223,0.329,NA,0.32565,DNMT3A Mut,2_F10,53152,32008,102,1,4787,5833,5368,347,2755,8562,5556,39.8,18.5,15.2,2.04,5.95,92,128717,86807,21892,153,781,9,1200,117,76,22,-15,21,896,28696,HSC,HSC
981,LEUK14,21,2_F3,8_E12,S981,5411,0.4725,0.504,NA,0.48824999999999996,DNMT3A Mut,2_F3,868,213,0,0,8,9,4,5,2068,7111,24161,695,5.59,4.97,43,55.6,44.4,151499,87006,23944,140,360,27,1105,69,412,20,-25,12,982,18624,HSC,HSC
934,LEUK14,21,1_F9,4_D7,S934,5432,0.4803,0.516,NA,0.49815,DNMT3A Mut,1_F9,27,11,0,0,0,3,0,3,41631,261573,38723,89.9,42.9,0,25,100,0,189846,93760,37049,61,528,222,-30,183,994,2,-14,32,292,12867,CD34+/CD38- OR GMP,CD34+/CD38- OR GMP
1045,LEUK14,21,2_G12,9_D12,S1045,5489,0.8859,0.962,NA,0.92395,DNMT3A Mut,2_G12,104,51,1,0,3,33,33,0,13481,80288,9534,879,67.3,6.12,53.5,0,100,122964,88815,33031,19,1324,-42,1939,408,209,2,-46,24,1191,11857,HSC,HSC
922,LEUK14,21,1_B8,1_F3,S922,6131,0.8232,0.858,NA,0.8406,DNMT3A Mut,1_B8,4638,4506,26,5,2618,69,66,3,28889,13083,6502,298,1.67,63.2,29.6,4.35,95.7,172077,94880,21865,-50,615,98,29,173,289,19,-46,26,413,28320,CD34+/CD38- OR GMP,HSC
1029,LEUK14,21,2_E10,8_E2,S1029,8065,0.4915,0.536,NA,0.51375,DNMT3A Mut,2_E10,6080,6038,0,0,372,5203,1077,3631,14054,92766,33037,107,87.4,6.25,4.61,69.8,20.7,181087,91311,36853,24,525,19,74,179,462,34,-18,35,1026,15338,HSC,HSC
1007,LEUK14,21,2_D7,7_F7,S1007,9587,0.425,0.44,NA,0.4325,DNMT3A Mut,2_D7,16952,16895,1,2,2986,733,713,10,2529,5486,3847,202,4.36,17.8,2.57,1.36,97.3,113094,82622,22039,37,521,-6,993,228,406,26,-33,18,554,22840,HSC,HSC
950,LEUK14,21,1_F11,4_E10,S950,9621,0.0179,0.022,NA,0.01995,DNMT3A WT,1_F11,544,156,0,0,4,110,19,84,17367,110959,39099,27,72.4,2.63,1.17,76.4,17.3,185963,101388,21516,237,1013,229,-74,345,2535,35,-73,93,1856,18526,CD34+/CD38- OR GMP,CD34+/CD38- OR GMP
912,LEUK14,21,1_H6,5_E10,S912,10059,0.0171,0.014,NA,0.015550000000000001,DNMT3A WT,1_H6,18517,17577,17,0,4865,5999,5989,7,12212,20862,6349,653,36,29.2,41.4,0.12,99.8,175827,90932,30479,34,966,-21,4689,390,363,22,-71,53,977,18701,CD34+/CD38- OR GMP,HSC
980,LEUK14,21,2_E3,7_H5,S980,10088,0.5879,0.644,NA,0.61595,DNMT3A Mut,2_E3,6292,6281,2,0,1091,198,177,12,2826,6972,5964,241,3.18,17.5,3.76,6.06,89.4,210003,104025,69399,181,1677,-5,1084,201,493,21,-17,297,1950,31364,HSC,HSC
889,LEUK14,21,1_A4,1_A7,S889,12162,0.5171,0.557,NA,0.53705,DNMT3A Mut,1_A4,6562,6524,2,2,2258,1047,820,190,5451,8794,6616,217,16.2,34.9,10.4,18.1,78.3,139705,85314,34273,-7,1151,-8,2427,586,349,-6,-34,39,1147,3603,CD34+/CD38- OR GMP,HSC
919,LEUK14,21,1_G7,4_H7,S919,12905,0.6073,0.652,NA,0.62965,DNMT3A Mut,1_G7,7090,6367,1,0,411,5456,245,5102,11095,66522,74793,48.8,86,6.48,0.36,93.5,4.49,135979,88188,36681,308,1685,89,10284,100,177,10,-63,81,2132,27471,CD34+/CD38- OR GMP,HSC
866,LEUK14,21,1_B1,1_D2,S866,13591,0.1479,0.16,NA,0.15395,DNMT3A Mut,1_B1,111,90,0,0,2,21,19,2,2799,5925,8208,74.5,23.3,2.22,12.5,9.52,90.5,171542,103071,55508,25,576,-8,382,479,331,17,0,103,721,19640,CD34+/CD38- OR GMP,HSC
972,LEUK14,21,2_D2,7_E6,S972,13765,0.4841,0.497,NA,0.49055,DNMT3A Mut,2_D2,1574,1514,0,0,25,1093,1090,2,20911,133092,11963,666,73.1,1.67,36.5,0.18,99.7,137705,86065,24761,15,1379,4,421,585,143,12,-10,23,735,19040,HSC,HSC
913,LEUK14,21,1_A7,1_B7,S913,14250,0.5046,0.531,NA,0.5178,DNMT3A Mut,1_A7,1873,124,1,0,7,12,1,11,1371,3769,36724,638,11.3,6.6,35.2,91.7,8.33,133996,82895,14229,107,1096,4,267,-46,332,25,-57,32,1106,7514,CD34+/CD38- OR GMP,HSC
1028,LEUK14,21,2_D10,7_G1,S1028,14279,0.452,0.477,NA,0.4645,DNMT3A Mut,2_D10,720,466,0,0,17,167,74,69,3926,17205,15348,-392,39.1,3.98,3.72,41.3,44.3,165824,90027,32455,-3,997,20,2001,436,446,18,-33,33,907,24972,HSC,HSC
936,LEUK14,21,1_H9,5_F7,S936,14465,0.465,0.504,NA,0.48450000000000004,DNMT3A Mut,1_H9,4671,4346,10,0,1298,1307,334,912,12325,30597,38817,86.1,38.2,38,5.16,69.8,25.6,142834,86111,19906,171,770,-10,685,825,494,26,-62,33,1723,21214,CD34+/CD38- OR GMP,HSC
964,LEUK14,21,2_D1,7_E4,S964,14603,0.6564,0.706,NA,0.6812,DNMT3A Mut,2_D1,16607,16383,1,0,141,15772,8782,5456,12073,83289,18158,122,96.7,0.86,4.4,34.6,55.7,159019,90911,51023,161,1773,16,1312,291,478,48,-61,41,2429,18497,HSC,HSC
1015,LEUK14,21,2_E8,8_D4,S1015,14782,0.5281,0.579,NA,0.55355,DNMT3A Mut,2_E8,1214,1054,0,1,97,97,90,2,2314,6432,8153,-493,13.4,13.4,8.11,2.06,92.8,163506,88065,24926,101,392,23,240,231,472,0,22,27,953,13906,HSC,HSC
917,LEUK14,21,1_E7,3_G1,S917,15750,0.5925,0.63,NA,0.6112500000000001,DNMT3A Mut,1_E7,17935,5290,0,0,2219,1901,605,1185,7596,20327,27541,-1.28,36.5,42.6,0.063,62.3,31.8,179286,92518,36432,-51,594,14,1020,254,135,19,-2,49,676,22873,CD34+/CD38- OR GMP,HSC
970,LEUK14,21,2_B2,6_F11,S970,15849,0.4785,0.523,NA,0.50075,DNMT3A Mut,2_B2,16682,16354,25,2,7682,1079,884,170,12611,7205,6080,190,6.64,47.3,8.26,15.8,81.9,137153,88096,26673,-7,436,42,247,107,154,23,-23,27,536,37547,HSC,HSC
923,LEUK14,21,1_C8,2_B2,S923,15899,0.442,0.489,NA,0.4655,DNMT3A Mut,1_C8,9679,9398,0,0,626,6344,1045,4875,5737,25277,34998,75.8,67.8,6.69,1,76.8,16.5,168187,91400,51862,92,672,-2,1518,33,347,9,-24,55,927,9771,CD34+/CD38- OR GMP,HSC
1016,LEUK14,21,2_F8,8_G9,S1016,16561,0.0203,0.023,NA,0.02165,DNMT3A Mut,2_F8,3045,107,0,0,4,2,1,1,2257,6432,2975,294,5.71,11.4,14.2,50,50,142824,87393,31442,-28,854,23,654,974,388,5,-37,40,1041,24978,HSC,HSC
920,LEUK14,21,1_H7,5_F1,S920,16776,0.5028,0.541,NA,0.5219,DNMT3A Mut,1_H7,10903,1514,56,1,15,9,7,0,868,3253,844,638,0.63,1.05,41.5,0,77.8,122097,89995,19647,-175,872,-17,985,580,486,-2,-46,51,779,22833,CD34+/CD38- OR GMP,HSC
1017,LEUK14,21,2_G8,9_C12,S1017,17317,0.4136,0.445,NA,0.4293,DNMT3A Mut,2_G8,68882,38002,189,4,12150,4745,4085,500,3926,8467,5191,-60.4,12.6,32.2,6.35,10.5,86.1,163253,87318,22957,101,1142,9,2489,81,447,-5,-63,15,1265,11610,HSC,HSC
1024,LEUK14,21,2_G9,9_D7,S1024,17552,0.4681,0.508,NA,0.48805,DNMT3A Mut,2_G9,2253,70,1,0,11,4,2,1,2017,6559,14416,248,7.55,20.8,7.07,25,50,120483,86882,19739,125,494,22,619,-11,396,11,-8,35,443,13209,HSC,HSC
984,LEUK14,21,2_B4,6_G10,S984,19115,0.4497,0.484,NA,0.46685,DNMT3A Mut,2_B4,28481,26012,8,1,8363,3329,2422,798,5497,5235,4537,633,12.9,32.4,38.2,24,72.8,164722,88512,32785,32,798,19,1346,453,416,42,-23,30,1179,45147,HSC,HSC
878,LEUK14,21,1_F2,4_B11,S878,19132,0.2235,0.248,NA,0.23575000000000002,DNMT3A Mut,1_F2,186,165,0,0,62,3,3,0,10110,10578,3693,-42.4,3.03,62.6,0,0,100,161361,89499,32922,-98,813,302,79,124,275,8,-4,9,516,4172,CD34+/CD38- OR GMP,CD34+/CD38- OR GMP
1008,LEUK14,21,2_E7,8_B3,S1008,19381,0.6515,0.693,NA,0.67225,DNMT3A Mut,2_E7,5428,5367,0,0,1365,1802,1677,78,14021,15384,12240,86.1,34.4,26.1,4.12,4.33,93.1,157378,88979,24987,121,1124,102,273,1122,303,-18,-98,67,1886,7168,HSC,HSC
896,LEUK14,21,1_H4,5_C5,S896,19659,0.4661,0.503,NA,0.48455000000000004,DNMT3A Mut,1_H4,20541,18627,1,0,5946,8672,5510,2335,8658,23819,12934,123,46.7,32,1.03,26.9,63.5,161870,92917,46729,-130,1046,19,728,192,300,48,-70,36,976,9881,CD34+/CD38- OR GMP,HSC
939,LEUK14,21,1_C10,2_C6,S939,20747,0.2276,0.254,NA,0.24080000000000001,DNMT3A Mut,1_C10,3527,1713,6,0,423,681,656,14,14316,49200,8775,156,44.1,27.4,5.74,2.06,96.3,133195,86703,27092,-62,841,38,153,442,411,13,-43,29,1000,12334,CD34+/CD38- OR GMP,HSC
1020,LEUK14,21,2_C9,7_D5,S1020,20911,0.3105,0.327,NA,0.31875,DNMT3A Mut,2_C9,24830,24682,12,3,6643,1177,1142,2,3469,6294,4185,238,4.81,27.2,11.1,0.17,97,149331,90050,27106,173,1653,12,284,55,126,3,-57,75,1654,15696,HSC,HSC
998,LEUK14,21,2_B6,6_H2,S998,21156,0.43120000000000003,0.451,NA,0.44110000000000005,DNMT3A Mut,2_B6,4384,4352,1,0,285,3233,668,2332,14754,85982,40736,123,74.9,6.6,7.69,72.1,20.7,167115,89544,36261,157,1705,8,4403,208,369,17,-58,45,880,49050,HSC,HSC
914,LEUK14,21,1_B7,1_E7,S914,22047,0.4807,0.523,NA,0.50185,DNMT3A Mut,1_B7,112,87,0,0,17,49,6,40,14054,75897,43800,112,58.3,20.2,6.25,81.6,12.2,167688,89022,22928,226,959,251,28,-61,1407,0,4,20,570,22047,CD34+/CD38- OR GMP,CD34+/CD38- OR GMP
1038,LEUK14,21,2_G11,9_D11,S1038,23456,0.4692,0.499,NA,0.4841,DNMT3A Mut,2_G11,7379,2102,62,0,461,832,832,0,11613,39193,6041,499,40.6,22.5,34.1,0,100,149490,84459,35160,-67,1243,30,2126,310,218,34,-31,23,967,12132,HSC,HSC
1002,LEUK14,21,2_F6,8_F7,S1002,24238,0.5464,0.571,NA,0.5587,DNMT3A Mut,2_F6,3844,3025,0,0,11,2794,499,2138,12046,81675,45861,29.5,93.2,0.37,1.88,76.5,17.9,177299,91180,23362,-9,475,-23,294,209,449,2,-25,10,1036,20294,HSC,HSC
999,LEUK14,21,2_C6,7_B9,S999,24440,0.3475,0.385,NA,0.36624999999999996,DNMT3A Mut,2_C6,14988,14910,1,1,512,13152,2704,9764,9906,61831,41631,182,88.8,3.46,10.1,74.2,20.6,169476,92039,43371,-23,665,23,0,337,480,1,-32,54,525,5907,HSC,HSC
879,LEUK14,21,1_G2,4_F10,S879,24487,0.5055,0.544,NA,0.52475,DNMT3A Mut,1_G2,30395,9581,1,0,4067,1269,680,506,4623,7612,11325,-42.4,13.6,43.5,0.19,39.9,53.6,150718,87466,21511,15,590,-10,150,168,191,0,-34,40,588,20320,CD34+/CD38- OR GMP,HSC
893,LEUK14,21,1_E4,3_E7,S893,24961,0.0616,0.07,NA,0.0658,DNMT3A Mut,1_E4,48,25,0,0,1,17,4,13,4290,27280,28478,41.1,73.9,4.35,0,76.5,23.5,172881,91953,36927,260,781,293,27,212,1890,26,-63,105,959,17645,CD34+/CD38- OR GMP,CD34+/CD38- OR GMP
915,LEUK14,21,1_C7,2_A10,S915,25523,0.0238,0.025,NA,0.0244,DNMT3A Mut,1_C7,1890,1564,0,0,350,662,183,432,7365,23538,29588,209,43.6,23,0.86,65.3,27.6,172845,89222,29538,-103,872,38,360,363,220,13,-38,30,683,4652,CD34+/CD38- OR GMP,HSC
945,LEUK14,21,1_A11,1_C4,S945,25901,0.4472,0.47,NA,0.4586,DNMT3A Mut,1_A11,10163,9744,2,0,119,9288,9213,43,9177,58606,5874,305,95.9,1.23,10,0.46,99.2,157965,90864,34255,7,709,9,4617,398,474,15,-78,48,2419,11313,CD34+/CD38- OR GMP,HSC
965,LEUK14,21,2_E1,7_G10,S965,26628,0.5685,0.595,NA,0.58175,DNMT3A Mut,2_E1,12454,12411,1,9,3415,1283,1280,1,5359,7765,3597,148,10.4,27.8,13.4,0.078,99.8,124306,86392,25990,-3,587,31,478,243,394,-4,-24,42,1139,27942,HSC,HSC
904,LEUK14,21,1_H5,5_D2,S904,26836,0.3593,0.371,NA,0.36515,DNMT3A Mut,1_H5,102,92,0,0,3,65,25,32,20961,143996,30088,79.6,82.3,3.8,7.69,49.2,38.5,154101,91096,20432,443,947,322,-28,334,2401,-11,-100,51,1290,15136,CD34+/CD38- OR GMP,CD34+/CD38- OR GMP
874,LEUK14,21,1_B2,1_D4,S874,27162,0.5747,0.625,NA,0.59985,DNMT3A Mut,1_B2,15458,15024,4,2,5171,1841,1808,18,4801,6363,4407,202,12.3,34.6,11.5,0.98,98.2,148090,86416,25652,79,681,13,1669,1494,420,7,-68,40,895,18485,CD34+/CD38- OR GMP,HSC
890,LEUK14,21,1_B4,1_D12,S890,27410,0.4034,0.43,NA,0.41669999999999996,DNMT3A Mut,1_B4,1984,1957,1,0,489,899,898,0,12467,31869,6806,146,46.5,25.3,12.2,0,99.9,144463,85483,22270,-145,1449,55,950,161,212,42,-57,33,1106,15111,CD34+/CD38- OR GMP,HSC
1005,LEUK14,21,2_B7,6_H3,S1005,27896,0.463,0.503,NA,0.483,DNMT3A Mut,2_B7,6871,6815,0,1,455,5675,861,4603,12669,77586,60934,75.8,83.8,6.72,14.6,81.1,15.2,170837,88872,31056,-62,696,0,612,199,503,25,-25,29,833,48751,HSC,HSC
1010,LEUK14,21,2_G7,9_C11,S1010,28364,0.0215,0.024,NA,0.02275,DNMT3A Mut,2_G7,18483,14439,2,1,3718,8085,2373,5340,6146,25038,30743,35.9,56.7,26.1,0.21,66,29.4,180492,93699,23604,167,1435,-11,154,-145,327,11,-35,27,674,11358,HSC,HSC
993,LEUK14,21,2_D5,7_E10,S993,28541,0.5141,0.566,NA,0.5400499999999999,DNMT3A Mut,2_D5,42589,41122,19,5,4084,15916,2470,12647,3379,9156,45419,226,38.9,9.98,19,79.5,15.5,161030,89113,34373,-51,1214,7,3245,739,142,14,-30,20,809,20589,HSC,HSC
924,LEUK14,21,1_D8,3_B7,S924,28789,0.7353,0.78,NA,0.7576499999999999,DNMT3A Mut,1_D8,60,24,0,0,4,5,5,0,3847,7512,7080,816,26.3,21.1,51.4,0,100,133846,89261,19080,40,332,22,83,363,202,25,-17,23,683,6268,CD34+/CD38- OR GMP,HSC
916,LEUK14,21,1_D7,3_A5,S916,29286,0.3615,0.382,NA,0.37175,DNMT3A Mut,1_D7,600,388,0,0,74,191,7,184,20813,98871,114559,50.1,55,21.3,0.36,96.3,3.66,177416,95596,39238,52,1026,85,126,191,423,8,-36,45,809,1673,CD34+/CD38- OR GMP,HSC
953,LEUK14,21,1_A12,1_C12,S953,29299,0.4032,0.428,NA,0.41559999999999997,DNMT3A Mut,1_A12,1502,1397,0,0,32,1117,79,1003,10578,67010,56781,91.2,81,2.32,4.14,89.8,7.07,140447,84310,13311,-186,428,-7,253,617,434,-10,-35,28,865,14820,CD34+/CD38- OR GMP,HSC
995,LEUK14,21,2_F5,8_F5,S995,30005,0.4131,0.428,NA,0.42055,DNMT3A Mut,2_F5,57364,53923,3,2,5117,26668,24101,1859,4462,17408,4334,178,49.5,9.51,5.19,6.97,90.4,181373,93271,26766,81,1067,2,629,723,439,-9,-41,50,849,20787,HSC,HSC
926,LEUK14,21,1_F8,4_D2,S926,30204,0.4629,0.493,NA,0.47795,DNMT3A Mut,1_F8,3630,1906,0,1,11,1686,167,1461,15241,101078,62589,15.4,89.2,0.58,0.56,86.7,9.91,172510,89024,21799,-175,745,28,145,561,217,12,-32,45,448,14576,CD34+/CD38- OR GMP,HSC
941,LEUK14,21,1_E10,4_A5,S941,30878,0.6979,0.753,NA,0.7254499999999999,DNMT3A Mut,1_E10,174,13,0,0,0,0,0,0,3058,7546,n/a,233,0,0,14.1,0,0,140839,84575,16394,61,779,57,11,153,239,-13,-3,6,585,1681,CD34+/CD38- OR GMP,HSC
960,LEUK14,21,1_H12,6_A5,S960,31258,0.4805,0.511,NA,0.49575,DNMT3A Mut,1_H12,939,761,4,0,235,2,2,0,20862,25337,1028,8.98,0.38,44.8,10.7,0,100,179803,93455,31675,-77,1284,22,849,415,428,-24,-42,37,761,3869,HSC,HSC
868,LEUK14,21,1_D1,2_C11,S868,31688,0.3004,0.32,NA,0.31020000000000003,DNMT3A Mut,1_D1,789,428,1,0,175,158,0,157,30160,39004,86616,47.5,38.8,43,0.46,99.4,0,161137,91528,26283,120,1029,345,46,228,273,4,-19,16,545,13836,CD34+/CD38- OR GMP,CD34+/CD38- OR GMP
1027,LEUK14,21,2_C10,7_D9,S1027,31819,0.4628,0.485,NA,0.4739,DNMT3A Mut,2_C10,11383,11326,0,2,535,9794,1169,8118,12240,76083,44333,91.2,87.4,4.78,2.15,82.9,11.9,132438,86279,26610,21,758,-2,1486,-27,123,2,-8,41,742,14565,HSC,HSC
969,LEUK14,21,2_A2,6_B3,S969,32041,0.5343,0.569,NA,0.55165,DNMT3A Mut,2_A2,20027,19479,3,0,9241,1789,1777,4,9664,8099,5324,92.5,9.25,47.8,4.41,0.22,99.3,183293,91042,50321,109,745,-5,3818,498,371,5,-34,50,769,17180,HSC,HSC
1039,LEUK14,21,2_A12,6_E9,S1039,32510,0.4225,0.428,NA,0.42525,DNMT3A Mut,2_A12,13211,12791,2,0,2601,7601,2271,4994,9929,44012,35850,120,61.2,20.9,1.43,65.7,29.9,142681,89736,30731,35,689,48,57,36,467,26,-37,52,582,35283,HSC,HSC
883,LEUK14,21,1_C3,1_H4,S883,32765,0.5345,0.578,NA,0.5562499999999999,DNMT3A Mut,1_C3,1658,1616,0,1,524,456,209,208,11936,30305,21060,286,28.9,33.2,30.2,45.6,45.8,135139,88035,33719,31,1693,34,1265,484,121,6,-42,54,884,35261,CD34+/CD38- OR GMP,HSC
895,LEUK14,21,1_G4,4_G4,S895,33175,0.7418,0.804,NA,0.7729,DNMT3A Mut,1_G4,11484,11435,1,0,3283,6071,4832,867,12582,44333,9951,190,53.4,28.9,1.23,14.3,79.6,128431,84604,46134,-67,953,-18,771,162,343,6,-68,35,887,23717,CD34+/CD38- OR GMP,HSC
882,LEUK14,21,1_B3,1_D10,S882,33335,0.4,0.414,NA,0.40700000000000003,DNMT3A Mut,1_B3,22284,21935,4,0,7696,8527,8437,49,8543,18372,4066,278,39.5,35.6,6.12,0.57,98.9,125852,84057,31255,-12,1550,0,419,467,384,12,-51,52,889,15745,CD34+/CD38- OR GMP,HSC
957,LEUK14,21,1_E12,4_A10,S957,34331,0.5103,0.534,NA,0.52215,DNMT3A Mut,1_E12,6689,1633,0,0,160,1127,79,1000,10064,47328,56095,-88.7,70.7,10,0.053,88.7,7.01,155074,93475,47217,111,914,10,674,444,433,29,-43,48,763,2971,CD34+/CD38- OR GMP,HSC
925,LEUK14,21,1_E8,3_H5,S925,35925,0.4547,0.489,NA,0.47185,DNMT3A Mut,1_E8,3279,1171,1,0,369,190,20,157,15563,41132,49921,-82.2,17.8,34.6,0.29,82.6,10.5,167717,98143,24194,-31,442,178,177,224,497,33,-16,27,740,28633,CD34+/CD38- OR GMP,CD34+/CD38- OR GMP
873,LEUK14,21,1_A2,1_A3,S873,36042,0.2823,0.312,NA,0.29715,DNMT3A Mut,1_A2,1978,1966,0,0,868,471,302,144,9054,12582,10294,133,24.1,44.4,5.88,30.6,64.1,131142,83554,30327,8,645,8,496,163,273,34,-34,18,932,2452,CD34+/CD38- OR GMP,HSC
899,LEUK14,21,1_C5,2_A6,S899,36758,0.5096,0.551,NA,0.5303,DNMT3A Mut,1_C5,391,376,1,0,83,6,4,0,3400,7957,5071,-20.5,1.65,22.9,0,0,66.7,170437,101195,22934,60,1154,344,162,358,329,19,-40,26,879,2576,CD34+/CD38- OR GMP,CD34+/CD38- OR GMP
938,LEUK14,21,1_B10,1_F8,S938,37063,0.28,0.289,NA,0.2845,DNMT3A Mut,1_B10,17821,17350,45,5,3861,823,753,10,2755,6516,4903,199,4.82,22.6,8.61,1.22,91.5,162325,91206,39285,-76,1597,26,2143,261,467,37,-21,22,1147,26905,CD34+/CD38- OR GMP,HSC
959,LEUK14,21,1_G12,5_B4,S959,37188,0.3207,0.342,NA,0.33135000000000003,DNMT3A Mut,1_G12,5860,5142,0,0,102,4491,614,3667,10554,66522,50776,30.8,87.7,1.99,0.38,81.7,13.7,146581,92787,22120,42,1244,11,233,77,196,12,-27,22,826,7401,CD34+/CD38- OR GMP,HSC
996,LEUK14,21,2_G5,9_C6,S996,38216,0.5954,0.635,NA,0.6152,DNMT3A Mut,2_G5,2205,2107,1,0,918,286,177,81,12268,12669,15893,39.8,14.4,46.3,1.08,28.3,61.9,145758,86398,18436,8,412,17,181,195,301,10,-31,18,908,9988,HSC,HSC
894,LEUK14,21,1_F4,4_C7,S894,38327,0.5258,0.57,NA,0.5479,DNMT3A Mut,1_F4,6905,6643,3,0,3332,2336,1421,760,15893,26573,12553,107,35.4,50.5,2.22,32.5,60.8,117187,84181,17652,-64,685,220,95,444,416,-5,-41,33,540,9533,CD34+/CD38- OR GMP,CD34+/CD38- OR GMP
881,LEUK14,21,1_A3,1_A5,S881,38371,0.5745,0.606,NA,0.5902499999999999,DNMT3A Mut,1_A3,33403,32414,58,0,7061,9842,8502,1194,4091,8620,6866,224,30.4,21.8,3.98,12.1,86.4,160387,88982,36730,-101,1170,15,358,610,340,12,-40,34,1191,2923,CD34+/CD38- OR GMP,HSC
1026,LEUK14,21,2_B10,7_A6,S1026,38501,0.4616,0.486,NA,0.4738,DNMT3A Mut,2_B10,19794,19733,4,3,1462,17113,2849,13171,10248,63048,38259,97.7,87.3,7.45,1.16,77,16.6,149473,85749,21991,35,1318,-12,341,104,429,16,-33,20,647,2766,HSC,HSC
876,LEUK14,21,1_D2,2_C12,S876,38564,0.2602,0.274,NA,0.2671,DNMT3A Mut,1_D2,4385,2601,0,0,404,1742,100,1591,11455,57897,68833,15.4,68.4,15.9,0.085,91.3,5.74,167519,90357,25897,1,1334,1,118,115,446,-20,-33,27,612,14090,CD34+/CD38- OR GMP,HSC
892,LEUK14,21,1_D4,2_G6,S892,38874,0.0223,0.028,NA,0.02515,DNMT3A Mut,1_D4,7937,3051,0,1,1916,154,152,2,11146,13327,4801,73.2,5.33,66.3,4.79,1.3,98.7,134230,86091,22494,186,680,-6,282,-139,247,37,-60,29,514,27603,CD34+/CD38- OR GMP,HSC
906,LEUK14,21,1_B6,1_E5,S906,39131,0.4184,0.439,NA,0.42869999999999997,DNMT3A Mut,1_B6,18395,17460,9,0,6722,5872,2841,2688,8639,13114,18115,278,34.1,39.1,24,45.8,48.4,105929,84599,9069,48,468,-52,1735,211,502,20,0,13,818,21459,CD34+/CD38- OR GMP,HSC
979,LEUK14,21,2_D3,7_E7,S979,39549,0.4339,0.464,NA,0.44895,DNMT3A Mut,2_D3,39877,38248,9,2,17018,9796,9703,42,10133,10506,4662,169,25.8,44.9,6.4,0.43,99.1,173804,90614,30906,86,1250,29,1436,227,299,29,-57,53,924,19328,HSC,HSC
888,LEUK14,21,1_H3,5_C2,S888,41843,0.4003,0.441,NA,0.42064999999999997,DNMT3A Mut,1_H3,7379,7310,0,0,530,5810,432,5183,10294,56505,57058,83.5,79.9,7.28,0.59,89.2,7.44,123780,89215,22543,174,1282,-104,92,1164,350,28,-57,28,916,8888,CD34+/CD38- OR GMP,HSC
989,LEUK14,21,2_G4,9_C4,S989,41869,0.415,0.442,NA,0.4285,DNMT3A Mut,2_G4,43338,36255,241,0,10743,6321,6306,7,7512,7992,4672,138,17.5,29.8,26,0.11,99.8,163818,90612,34920,132,903,-9,1171,129,360,-4,-41,24,1067,9594,HSC,HSC
884,LEUK14,21,1_D3,2_F10,S884,42030,0.1018,0.108,NA,0.1049,DNMT3A Mut,1_D3,13242,6753,2,0,3666,397,344,37,8973,12727,4008,-24.4,6.09,56.3,0.29,9.32,86.6,135411,87358,19299,74,391,20,2583,258,450,18,-44,33,1236,23124,CD34+/CD38- OR GMP,HSC
973,LEUK14,21,2_E2,7_H3,S973,42900,0.5277,0.552,NA,0.5398499999999999,DNMT3A Mut,2_E2,10232,10134,1,1,1771,6699,671,5879,7992,38075,75712,118,66.4,17.6,7.76,87.8,10,149302,85780,32919,24,856,-31,579,259,419,-14,-20,36,814,32079,HSC,HSC
903,LEUK14,21,1_G5,4_G6,S903,43079,0.575,0.593,NA,0.584,DNMT3A Mut,1_G5,26391,23641,2,0,7013,3608,2017,1424,3366,5874,11534,84.8,15.3,29.8,1.72,39.5,55.9,132041,85820,22832,36,655,5,1054,524,335,6,-35,28,1132,24257,CD34+/CD38- OR GMP,HSC
875,LEUK14,21,1_C2,1_G12,S875,43267,0.4574,0.479,NA,0.46819999999999995,DNMT3A Mut,1_C2,2738,2701,5,0,1805,365,56,295,23650,16079,65078,93.8,13.7,67.7,12.5,80.8,15.3,141851,85936,30341,246,1099,-2,1880,280,277,25,-50,13,922,32784,CD34+/CD38- OR GMP,HSC
977,LEUK14,21,2_B3,6_G5,S977,43551,0.512,0.541,NA,0.5265,DNMT3A Mut,2_B3,2924,1308,3,0,74,33,30,2,1751,5568,7596,391,2.9,6.5,16.4,6.06,90.9,120835,84898,28132,-11,985,30,1311,146,511,-3,-37,37,828,43514,HSC,HSC
1018,LEUK14,21,2_A9,6_E2,S1018,43779,0.479,0.507,NA,0.493,DNMT3A Mut,2_A9,12532,11675,35,2,2295,5710,1796,3620,9364,37892,32643,60.4,53.1,21.4,2.01,63.4,31.5,168827,103528,87063,1,1656,15,3735,246,-55,30,-73,106,2734,33001,HSC,HSC
976,LEUK14,21,2_A3,6_B6,S976,44790,0.5173,0.549,NA,0.53315,DNMT3A Mut,2_A3,22754,22086,5,0,4128,10985,1915,8657,4903,19120,46872,95.1,49.9,18.8,2.64,78.8,17.4,154231,98338,53275,-94,686,37,482,163,246,19,13,21,714,16081,HSC,HSC
887,LEUK14,21,1_G3,4_F11,S887,45701,0.4572,0.468,NA,0.4626,DNMT3A Mut,1_G3,3371,2948,3,0,1304,515,285,200,10846,19576,16926,38.5,17.9,45.3,10.7,38.8,55.3,172250,89553,37808,-152,1226,84,531,404,279,4,-51,52,916,19852,CD34+/CD38- OR GMP,HSC
974,LEUK14,21,2_F2,8_E10,S974,45884,0.0221,0.025,NA,0.02355,DNMT3A Mut,2_F2,4574,4536,2,5,916,2077,1496,458,9729,31414,12553,205,46.9,20.7,16.1,22.1,72,202694,100012,28131,83,725,3,981,257,180,35,-43,9,764,17793,HSC,HSC
905,LEUK14,21,1_A6,1_B1,S905,46409,0.5791,0.655,NA,0.61705,DNMT3A Mut,1_A6,4580,4536,0,0,238,3915,107,3753,11146,69170,71226,100,87.7,5.33,4.57,95.9,2.73,161087,89637,32137,-7,463,58,189,216,170,0,-8,32,587,9491,CD34+/CD38- OR GMP,HSC
902,LEUK14,21,1_F5,4_C10,S902,46625,0.3397,0.367,NA,0.35335,DNMT3A Mut,1_F5,31021,22055,581,1,6912,3232,3123,31,5725,7496,3539,275,14.8,31.6,34.9,0.96,96.6,120967,86629,21167,-47,1155,30,48,891,477,18,-56,45,830,10644,CD34+/CD38- OR GMP,HSC
1032,LEUK14,21,2_A11,6_E5,S1032,46683,0.4441,0.452,NA,0.44805,DNMT3A Mut,2_A11,40012,39181,15,1,8862,8307,4234,3642,3366,6015,12934,151,21.4,22.8,2.93,43.8,51,153059,90902,31303,80,844,36,586,268,377,13,-26,13,845,33808,HSC,HSC
961,LEUK14,21,2_A1,6_B1,S961,47105,0.0217,0.022,NA,0.02185,DNMT3A Mut,2_A1,3639,3550,2,0,1480,1596,159,1398,16079,41531,62741,71.9,45.7,42.4,1.55,87.6,9.96,159309,90762,46707,116,1351,33,539,73,105,12,-47,35,939,18238,HSC,HSC
937,LEUK14,21,1_A10,1_C2,S937,47463,0.5877,0.628,NA,0.60785,DNMT3A Mut,1_A10,1677,1405,0,0,20,1231,51,1147,22027,152386,63356,53.9,89.3,1.45,0.35,93.2,4.14,152412,89208,22922,55,377,253,62,130,955,10,-31,46,471,10774,CD34+/CD38- OR GMP,CD34+/CD38- OR GMP
1001,LEUK14,21,2_E6,8_A9,S1001,47678,0.4626,0.491,NA,0.4768,DNMT3A Mut,2_E6,6892,987,47,0,0,3,1,0,849,3126,286,935,0.32,0,57.3,0,33.3,173377,89441,34866,-48,624,29,1241,590,481,24,-41,38,1157,2990,HSC,HSC
983,LEUK14,21,2_A4,6_B7,S983,48116,0.4899,0.514,NA,0.50195,DNMT3A Mut,2_A4,4367,3947,0,0,1270,1487,722,697,19576,36459,26384,75.8,37.9,32.3,0.087,46.9,48.6,119078,85170,19532,-37,797,80,142,180,493,21,-17,19,746,15676,HSC,HSC
872,LEUK14,21,1_H1,5_B7,S872,48381,0.5436,0.576,NA,0.5598,DNMT3A Mut,1_H1,3724,3314,0,0,482,1896,174,1652,14217,70707,57476,38.5,58.4,14.8,0,87.1,9.18,121098,84634,14608,95,1046,96,409,85,347,42,-50,30,476,6101,CD34+/CD38- OR GMP,HSC
997,LEUK14,21,2_A6,6_B10,S997,48803,0.495,0.526,NA,0.5105,DNMT3A Mut,2_A6,3931,1367,2,0,80,425,52,360,5007,18115,60638,289,41.2,7.76,9.61,84.7,12.2,190357,94124,46774,-90,852,-40,329,382,335,5,-6,42,728,14313,HSC,HSC
877,LEUK14,21,1_E2,3_D11,S877,48820,0.4815,0.522,NA,0.50175,DNMT3A Mut,1_E2,9410,4850,1,0,1684,1762,527,1134,6281,18415,27021,24.4,37.5,35.8,0.14,64.4,29.9,150032,90204,19591,10,795,42,460,485,140,-17,-44,31,1354,12305,CD34+/CD38- OR GMP,HSC
928,LEUK14,21,1_H8,5_F6,S928,49916,0.7077,0.75,NA,0.72885,DNMT3A Mut,1_H8,52,14,1,0,2,0,0,0,7748,8873,n/a,332,0,22.2,27.6,0,0,163830,90119,32545,43,808,199,18,236,983,30,-14,19,474,21487,CD34+/CD38- OR GMP,CD34+/CD38- OR GMP
870,LEUK14,21,1_F1,4_B4,S870,50037,0.4784,0.513,NA,0.49570000000000003,DNMT3A Mut,1_F1,2813,309,0,1,27,160,25,126,7579,42547,45419,64.2,55.7,9.41,0.61,78.8,15.6,130459,93905,32516,-2,834,-14,311,71,308,6,-60,13,717,5920,CD34+/CD38- OR GMP,HSC
869,LEUK14,21,1_E1,3_D10,S869,50098,0.4526,0.482,NA,0.4673,DNMT3A Mut,1_E1,3882,1953,0,0,229,1359,226,1069,11351,62589,50286,34.7,71.6,12.1,0.082,78.7,16.6,165238,97342,29986,207,356,528,-35,273,1552,51,-29,12,706,12601,CD34+/CD38- OR GMP,CD34+/CD38- OR GMP
962,LEUK14,21,2_B1,6_F4,S962,50717,0.5535,0.592,NA,0.57275,DNMT3A Mut,2_B1,16017,1671,1081,0,64,31,12,13,1415,4254,20424,1552,1.92,3.96,75.4,41.9,38.7,155752,90280,42793,-33,2052,-28,1271,502,198,-2,-50,19,985,40291,HSC,HSC
932,LEUK14,21,1_D9,3_C11,S932,50739,0.2969,0.32,NA,0.30845,DNMT3A Mut,1_D9,351,222,1,0,16,68,47,17,5976,27476,10412,80.9,42,9.88,7.5,25,69.1,169804,90520,22109,97,946,308,86,205,794,47,-36,18,615,11189,CD34+/CD38- OR GMP,CD34+/CD38- OR GMP
948,LEUK14,21,1_D11,3_D8,S948,50803,0.4249,0.472,NA,0.44845,DNMT3A Mut,1_D11,6877,2623,2,0,510,1574,760,678,11773,57336,20472,79.6,61.2,19.8,0.52,43.1,48.3,147948,86480,20844,-72,495,24,1195,96,494,46,-21,33,472,13397,CD34+/CD38- OR GMP,HSC
1019,LEUK14,21,2_B9,7_A1,S1019,51025,0.4016,0.427,NA,0.4143,DNMT3A Mut,2_B9,2221,2102,33,2,1037,244,141,84,28274,23261,19301,2951,12.8,54.6,40.5,34.4,57.8,164176,88367,27725,116,850,21,934,-54,504,-4,-23,32,1044,1308,HSC,HSC
1044,LEUK14,21,2_F12,9_A5,S1044,51103,0.4722,0.511,NA,0.49160000000000004,DNMT3A Mut,2_F12,20094,2924,4,0,303,1580,184,1331,9620,42753,57756,171,55.9,10.7,4.27,84.2,11.6,159839,92160,27638,47,823,26,3708,59,318,16,-36,29,634,2193,HSC,HSC
1004,LEUK14,21,2_A7,6_C9,S1004,51794,0.5958,0.64,NA,0.6179,DNMT3A Mut,2_A7,3914,3766,7,0,1614,1003,245,713,21512,25702,42857,86.1,30.7,49.4,5.44,71.1,24.4,148436,90759,23371,-146,607,102,235,475,315,8,-2,15,424,22710,HSC,HSC
909,LEUK14,21,1_E6,3_F9,S909,51897,0.3901,0.404,NA,0.39705,DNMT3A Mut,1_E6,30633,6015,31,4,2808,266,262,2,5416,5007,2691,-91.2,4.63,48.8,4.01,0.75,98.5,104621,87653,17658,-130,1163,29,1055,1255,230,16,-36,16,1293,20036,CD34+/CD38- OR GMP,HSC
985,LEUK14,21,2_C4,7_B6,S985,52059,0.4168,0.46,NA,0.4384,DNMT3A Mut,2_C4,11593,11252,6,2,2030,6458,516,5823,8171,37079,76831,152,57.7,18.1,11.7,90.2,7.99,169881,90215,33029,119,541,2,-10,245,500,31,-20,25,655,6687,HSC,HSC
1003,LEUK14,21,2_G6,9_C8,S1003,52532,0.0237,0.03,NA,0.02685,DNMT3A Mut,2_G6,5499,4593,7,0,259,3799,3797,1,14822,93222,8854,343,83.1,5.66,18.2,0.026,99.9,164115,89782,28548,25,1117,32,6883,464,397,7,-51,47,1135,10542,HSC,HSC
955,LEUK14,21,1_C12,2_C10,S955,52566,0.076,0.072,NA,0.074,DNMT3A Mut,1_C12,148,68,3,0,4,11,11,0,3723,6516,5799,880,17.2,6.25,55.1,0,100,159788,88127,24137,-70,1909,-22,1503,428,417,14,-48,36,669,13602,CD34+/CD38- OR GMP,HSC
929,LEUK14,21,1_A9,1_C1,S929,52671,0.3051,0.326,NA,0.31555,DNMT3A Mut,1_A9,87,56,1,0,2,18,18,0,4066,9642,9996,289,35.3,3.92,18.4,0,100,166890,90135,25875,-90,857,56,1280,769,116,17,-21,36,912,9771,CD34+/CD38- OR GMP,HSC
865,LEUK14,21,1_A1,1_A2,S865,52679,0.5119,0.53,NA,0.52095,DNMT3A Mut,1_A1,146,142,0,0,35,64,64,0,14021,40540,7939,166,45.4,24.8,0,0,100,147118,87381,41551,57,365,495,256,222,204,-1,11,29,636,2136,CD34+/CD38- OR GMP,CD34+/CD38- OR GMP
1037,LEUK14,21,2_F11,9_A2,S1037,53425,0.2347,0.265,NA,0.24985000000000002,DNMT3A Mut,2_F11,5435,3996,0,0,184,2892,511,2233,13114,77586,46985,-19.3,73.4,4.67,0.22,77.2,17.7,116708,84544,18876,-2,479,34,240,158,267,13,-10,18,611,1549,HSC,HSC
1041,LEUK14,21,2_C12,7_D12,S1041,53926,0.4868,0.504,NA,0.4954,DNMT3A Mut,2_C12,12121,11908,4,0,3226,6282,6268,9,9034,25641,5213,299,53.2,27.3,17.5,0.14,99.8,160558,88851,17591,-4,1064,29,4160,444,253,-5,-59,37,1328,13746,HSC,HSC
958,LEUK14,21,1_F12,4_F1,S958,54220,0.6852,0.741,NA,0.7131000000000001,DNMT3A Mut,1_F12,43291,12817,81,1,1314,1449,1438,2,2266,5169,3305,-59.1,11.4,10.3,6.21,0.14,99.2,144960,88143,28458,-15,893,3,1351,331,337,47,-36,53,1096,22669,CD34+/CD38- OR GMP,HSC
867,LEUK14,21,1_C1,1_G9,S867,54525,0.509,0.554,NA,0.5315000000000001,DNMT3A Mut,1_C1,7449,7421,0,0,902,5945,2671,2671,11070,64761,21010,126,80.4,12.2,3.49,44.9,44.9,124379,85573,13561,135,462,21,2802,321,370,15,-32,27,1163,31818,CD34+/CD38- OR GMP,HSC
1040,LEUK14,21,2_B12,7_A9,S1040,54555,0.8015,0.873,NA,0.83725,DNMT3A Mut,2_B12,6965,6946,0,0,189,6234,6171,33,12786,83493,8448,173,90.6,2.75,2.38,0.53,99,115979,84322,28834,-102,1350,5,698,445,137,43,-33,35,583,3651,HSC,HSC
940,LEUK14,21,1_D10,3_D4,S940,54810,0.2811,0.29,NA,0.28554999999999997,DNMT3A Mut,1_D10,994,329,0,0,1,249,50,185,15030,94835,47443,-42.4,78.1,0.31,0.41,74.3,20.1,181336,103520,29761,80,800,371,-11,264,954,34,-22,36,589,14446,CD34+/CD38- OR GMP,CD34+/CD38- OR GMP
991,LEUK14,21,2_B5,6_G12,S991,54814,0.3591,0.391,NA,0.37505,DNMT3A Mut,2_B5,7654,841,177,0,8,144,143,1,1384,6792,14720,376,17.9,0.99,29.3,0.69,99.3,154711,96342,82395,16,1427,8,3175,484,479,23,-53,72,2321,45852,HSC,HSC
1006,LEUK14,21,2_C7,7_C7,S1006,55144,0.4586,0.508,NA,0.4833,DNMT3A Mut,2_C7,5817,3017,5,0,488,388,316,39,3413,11773,9095,596,13.7,17.2,35.6,10.1,81.4,153319,86606,23435,-51,705,94,64,393,370,-12,-14,27,592,11156,HSC,HSC
971,LEUK14,21,2_C2,7_B2,S971,55544,0.5171,0.571,NA,0.5440499999999999,DNMT3A Mut,2_C2,9629,9598,0,3,291,8376,1517,6435,7430,45090,44764,80.9,87.5,3.04,5.43,76.8,18.1,146421,84098,21347,-21,673,-10,227,346,403,11,-21,4,630,7898,HSC,HSC
1036,LEUK14,21,2_E11,8_E3,S1036,55596,0.2703,0.284,NA,0.27715,DNMT3A Mut,2_E11,32993,31966,72,7,7963,4465,3762,606,3126,5604,4290,199,14.3,25.6,14.5,13.6,84.3,142433,87801,24870,115,1277,31,707,475,405,-9,-54,24,1225,15547,HSC,HSC
907,LEUK14,21,1_C6,2_A8,S907,56775,0.5649,0.609,NA,0.58695,DNMT3A Mut,1_C6,811,793,0,0,156,210,19,188,23482,105902,83289,78.4,27.9,20.7,9.52,89.5,9.05,188672,96928,58981,161,2141,271,57,-232,1572,-10,-82,81,991,3557,CD34+/CD38- OR GMP,CD34+/CD38- OR GMP
935,LEUK14,21,1_G9,5_A11,S935,57126,0.5716,0.609,NA,0.5903,DNMT3A Mut,1_G9,1265,1151,2,0,301,388,74,309,16382,41431,68498,24.4,36.8,28.5,1.41,79.6,19.1,163036,90104,32106,54,1343,-27,800,139,236,30,-26,31,896,4026,CD34+/CD38- OR GMP,HSC
1031,LEUK14,21,2_G10,9_D8,S1031,57173,0.3768,0.409,NA,0.3929,DNMT3A Mut,2_G10,39153,28439,573,0,16979,864,861,0,11325,7869,4193,945,3.08,60.5,54.1,0,99.7,154080,89151,37217,158,967,11,3015,107,446,43,-59,56,1648,13002,HSC,HSC
1035,LEUK14,21,2_D11,7_G3,S1035,57180,0.4853,0.492,NA,0.48865000000000003,DNMT3A Mut,2_D11,9253,2976,3,0,123,131,119,4,1213,4944,9156,376,4.7,4.41,16.9,3.05,90.8,150830,87751,27948,-11,647,-7,252,262,475,6,-7,7,586,25977,HSC,HSC
1009,LEUK14,21,2_F7,8_G2,S1009,57720,0.4771,0.519,NA,0.49805,DNMT3A Mut,2_F7,14028,13034,7,1,2131,7241,577,6415,6226,25519,50776,47.5,57.1,16.8,2.12,88.6,7.97,164730,92653,47649,-7,1201,-2,255,326,291,29,-43,41,750,22626,HSC,HSC
1000,LEUK14,21,2_D6,7_F1,S1000,61248,0.0214,0.025,NA,0.0232,DNMT3A Mut,2_D6,19715,19484,12,5,5109,1568,1380,152,2755,6404,4281,228,8.15,26.5,8.97,9.69,88,168811,89721,22011,68,1013,-18,823,225,456,35,-8,45,653,24742,HSC,HSC
990,LEUK14,21,2_A5,6_B8,S990,61623,0.3375,0.371,NA,0.35425,DNMT3A Mut,2_A5,12812,12034,1,0,4413,5492,2887,2256,12018,28342,18200,65.5,45.8,36.8,0.49,41.1,52.6,146630,88217,31316,70,696,1,997,22,322,-6,-31,34,951,15374,HSC,HSC
900,LEUK14,21,1_D5,2_G11,S900,61758,0.4675,0.481,NA,0.47425,DNMT3A Mut,1_D5,3310,1169,0,0,328,598,70,507,16079,67668,49439,-12.8,54.5,29.9,0.25,84.8,11.7,176390,92247,25247,-62,1411,219,180,363,2119,12,-37,17,852,29254,CD34+/CD38- OR GMP,CD34+/CD38- OR GMP
880,LEUK14,21,1_H2,5_B11,S880,61809,0.4682,0.489,NA,0.4786,DNMT3A Mut,1_H2,1971,1485,0,0,31,1259,103,1118,16192,108268,72809,27,88,2.17,0.44,88.8,8.18,207236,109335,50781,355,1414,220,398,70,1069,36,67,66,1635,4939,CD34+/CD38- OR GMP,CD34+/CD38- OR GMP
951,LEUK14,21,1_G11,5_B2,S951,62198,0.2478,0.259,NA,0.2534,DNMT3A Mut,1_G11,1282,1144,9,0,604,132,49,77,17327,19165,25038,135,13,59.6,24.5,58.3,37.1,155849,88673,19466,-14,1126,74,1052,120,415,53,-66,46,1012,8093,CD34+/CD38- OR GMP,HSC
1042,LEUK14,21,2_D12,7_G4,S1042,62530,0.471,0.493,NA,0.482,DNMT3A Mut,2_D12,20778,20293,13,3,3312,3448,303,3056,2644,6028,56505,123,18.2,17.5,3.9,88.6,8.79,189848,93530,36180,46,1053,101,206,230,369,-22,-21,47,968,26193,HSC,HSC
1011,LEUK14,21,2_A8,6_D1,S1011,64203,0.0246,0.023,NA,0.0238,DNMT3A Mut,2_A8,2654,2591,1,0,297,1733,1600,79,20232,125464,13701,93.8,67.4,11.6,0.84,4.56,92.3,128946,89086,53925,109,362,73,396,18,232,4,6,36,625,32360,HSC,HSC
994,LEUK14,21,2_E5,7_H12,S994,64288,0.5684,0.609,NA,0.5887,DNMT3A Mut,2_E5,4613,4581,8,1,2515,1220,324,830,16730,22502,41833,436,27.1,56,43.2,68,26.6,113703,90104,13025,-35,395,-11,560,675,394,4,-9,40,777,28986,HSC,HSC
966,LEUK14,21,2_F1,8_E8,S966,68686,0.4659,0.505,NA,0.48545,DNMT3A Mut,2_F1,40057,39035,40,3,11193,4885,3919,811,3942,5268,5158,204,12.6,28.9,11.6,16.6,80.2,138980,91631,26547,-10,604,-3,1285,387,178,-5,-27,43,807,17093,HSC,HSC
1014,LEUK14,21,2_D8,7_F10,S1014,72357,0.4729,0.484,NA,0.47845,DNMT3A Mut,2_D8,16184,10900,14,1,11,9936,9018,494,11273,77966,9620,-255,92.7,0.1,8.17,4.97,90.8,144934,87975,22904,-107,1704,-19,370,1007,-43,-9,-11,6,774,22023,HSC,HSC
952,LEUK14,21,1_H11,5_H4,S952,73052,0.4987,0.534,NA,0.51635,DNMT3A Mut,1_H11,271,206,0,0,58,29,12,11,13764,26384,21768,-19.3,20.9,41.7,5.56,37.9,41.4,165462,95340,41284,6,1025,26,209,96,287,39,-55,48,756,29171,CD34+/CD38- OR GMP,HSC
901,LEUK14,21,1_E5,3_F1,S901,75104,0.4903,0.515,NA,0.50265,DNMT3A Mut,1_E5,3850,27,0,0,0,1,0,1,705,1774,113161,50.1,5,0,0.68,100,0,145513,95406,55279,-51,1014,29,285,180,434,-4,-46,66,751,22577,CD34+/CD38- OR GMP,HSC
982,LEUK14,21,2_G3,9_C2,S982,75463,0.4694,0.51,NA,0.4897,DNMT3A Mut,2_G3,2499,796,0,0,3,704,96,563,10821,70019,46645,-3.85,89.7,0.38,0.15,80,13.6,126825,81592,17503,52,391,10,11,-70,409,30,5,27,359,9194,HSC,HSC
987,LEUK14,21,2_E4,7_H11,S987,75838,0.4954,0.543,NA,0.5192,DNMT3A Mut,2_E4,4511,4503,0,0,468,1926,240,1526,7414,31114,34830,356,45.4,11,40,79.2,12.5,192336,98197,32245,156,689,35,1010,240,485,-12,-54,28,671,29268,HSC,HSC
1023,LEUK14,21,2_F9,8_G11,S1023,76758,0.3669,0.38,NA,0.37345,DNMT3A Mut,2_F9,11284,9595,3,1,761,7556,324,7092,11020,63977,65716,28.2,81.6,8.22,0.42,93.9,4.29,151691,87031,25683,5,773,-20,1318,148,465,15,-17,13,899,25531,HSC,HSC
1021,LEUK14,21,2_D9,7_F12,S1021,77180,0.6116,0.664,NA,0.6378,DNMT3A Mut,2_D9,3258,3196,0,0,6,2986,2983,1,17654,120034,10530,155,94.6,0.19,9.72,0.033,99.9,151754,87162,23380,-48,1509,10,6385,605,276,45,-85,95,3305,21468,HSC,HSC
1013,LEUK14,21,2_C8,7_C12,S1013,77542,0.5174,0.537,NA,0.5272,DNMT3A Mut,2_C8,6111,6006,9,2,2115,1826,428,1372,10341,19392,53045,68.1,31.6,36.6,4.73,75.1,23.4,133302,81457,16232,-21,811,-4,7,124,346,34,4,10,421,13353,HSC,HSC
988,LEUK14,21,2_F4,8_F4,S988,78802,0.6414,0.698,NA,0.6697,DNMT3A Mut,2_F4,14937,14711,8,5,7038,2578,1828,614,11146,13174,9095,139,17.6,48.1,3.07,23.8,70.9,142394,85678,26869,124,1023,17,276,311,411,31,10,28,704,21174,HSC,HSC
1025,LEUK14,21,2_A10,6_E3,S1025,78902,0.4711,0.492,NA,0.48155000000000003,DNMT3A Mut,2_A10,28184,27628,7,1,2719,18939,2584,15506,5812,25702,46872,103,69.8,10,1.69,81.9,13.6,128075,86568,14977,-32,789,47,433,364,489,12,-30,45,895,33261,HSC,HSC
930,LEUK14,21,1_B9,1_F4,S930,79312,0.2309,0.238,NA,0.23445,DNMT3A Mut,1_B9,2702,2563,0,0,322,1618,186,1343,23096,148314,47789,144,70.3,14,6.48,83,11.5,149673,86985,19561,41,1077,72,160,70,381,16,-39,19,763,27975,CD34+/CD38- OR GMP,HSC
956,LEUK14,21,1_D12,3_D9,S956,80763,0.4578,0.481,NA,0.4694,DNMT3A Mut,1_D12,8083,4966,0,0,1603,1524,746,685,5568,15455,15455,30.8,31.7,33.3,0.59,44.9,49,157724,91211,24238,221,729,-15,167,59,188,2,-42,58,993,12941,CD34+/CD38- OR GMP,HSC
992,LEUK14,21,2_C5,7_B7,S992,81781,0.5289,0.548,NA,0.5384500000000001,DNMT3A Mut,2_C5,1394,1295,0,0,1,1101,1073,16,24566,175797,14788,112,87.2,0.079,1.19,1.45,97.5,180225,91925,37243,402,1950,80,1976,271,365,-6,-104,106,2849,6473,HSC,HSC
1034,LEUK14,21,2_C11,7_D11,S1034,82403,0.4931,0.526,NA,0.50955,DNMT3A Mut,2_C11,2634,2593,0,0,6,2400,159,2170,16652,114559,61231,68.1,94.7,0.24,2.21,90.4,6.62,147885,96726,53245,167,825,92,-5,426,470,31,-8,83,485,13996,HSC,HSC
918,LEUK14,21,1_F7,4_D1,S918,85031,0.6175,0.666,NA,0.64175,DNMT3A Mut,1_F7,1729,933,0,0,234,392,71,301,17408,62133,48725,70.6,46.7,27.9,0.78,76.8,18.1,142313,84194,26047,-124,1585,-36,257,337,355,19,-37,40,532,14984,CD34+/CD38- OR GMP,HSC
986,LEUK14,21,2_D4,7_E9,S986,89880,0.4336,0.449,NA,0.4413,DNMT3A Mut,2_D4,4033,3904,3,0,1723,1054,428,550,18073,22342,29873,148,27.6,45.1,11.1,52.2,40.6,168449,90395,29499,62,781,4,32,125,503,34,-21,40,623,20105,HSC,HSC
908,LEUK14,21,1_D6,2_H9,S908,94537,0.0159,0.02,NA,0.01795,DNMT3A WT,1_D6,2010,407,2,0,22,39,5,30,1856,5427,34663,289,10.7,6.04,7.24,76.9,12.8,121290,87769,15180,86,1205,-36,152,118,382,0,-21,47,848,30871,CD34+/CD38- OR GMP,HSC
1033,LEUK14,21,2_B11,7_A8,S1033,94724,0.5453,0.558,NA,0.55165,DNMT3A Mut,2_B11,15926,15645,9,1,1385,10109,1151,8607,5060,26384,55552,113,65.8,9.01,3.82,85.1,11.4,187288,91308,35823,-92,811,16,-48,558,419,38,6,35,720,3276,HSC,HSC
1012,LEUK14,21,2_B8,6_H10,S1012,96040,0.3591,0.386,NA,0.37255,DNMT3A Mut,2_B8,32512,31996,15,8,7024,3806,3253,341,2992,7430,6253,194,12,22.1,8.23,8.96,85.5,114421,85457,28297,148,575,-44,309,-94,368,7,-23,15,1024,46850,HSC,HSC
933,LEUK14,21,1_E9,3_H7,S933,99945,0.0174,0.015,NA,0.0162,DNMT3A WT,1_E9,56,4,0,0,2,1,0,1,3991,9156,60196,-99,25,50,0,100,0,147475,87499,14903,-17,769,28,2264,596,293,-8,-43,20,868,28184,CD34+/CD38- OR GMP,HSC
897,LEUK14,21,1_A5,1_A12,S897,103955,0.1746,0.194,NA,0.18430000000000002,DNMT3A Mut,1_A5,346,339,1,0,3,98,56,35,27345,153895,24508,488,34.8,1.06,14.3,35.7,57.1,162026,87119,22754,43,388,206,-2,190,716,28,-25,52,432,4902,CD34+/CD38- OR GMP,CD34+/CD38- OR GMP
911,LEUK14,21,1_G6,4_H3,S911,108160,0.4969,0.538,NA,0.51745,DNMT3A Mut,1_G6,1145,966,3,0,51,724,93,588,18633,122418,44548,96.4,77.3,5.44,2.41,81.2,12.8,151936,86822,20011,24,408,14,33,344,319,8,-42,40,637,29113,CD34+/CD38- OR GMP,HSC
885,LEUK14,21,1_E3,3_E6,S885,110380,0.3284,0.361,NA,0.3447,DNMT3A Mut,1_E3,12570,7053,0,0,727,4846,1029,3506,6573,30891,35336,27,69.6,10.4,0.33,72.3,21.2,164217,87974,18318,89,406,1,134,-4,362,-1,10,9,579,17289,CD34+/CD38- OR GMP,HSC
910,LEUK14,21,1_F6,4_C11,S910,128213,0.4548,0.491,NA,0.4729,DNMT3A Mut,1_F6,11196,6192,0,0,1507,3769,552,3089,12467,55148,53955,38.5,61.8,24.7,0.28,82,14.6,135400,86586,24529,83,971,-2,771,90,302,19,-38,35,756,10919,CD34+/CD38- OR GMP,HSC
931,LEUK14,21,1_C9,2_C1,S931,200291,0.0505,0.053,NA,0.051750000000000004,DNMT3A Mut,1_C9,570,398,1,0,88,78,9,68,14086,37169,60196,104,27.9,31.4,4.89,87.2,11.5,195834,105734,28754,-48,1514,2,280,424,291,9,-82,21,675,11007,CD34+/CD38- OR GMP,HSC
